clipID,clip end,studentID,label
36,39,AGUFADE,0
67,77,AGUFADE,0
123,199,AGUFADE,1
143,199,AGUFADE,1
276,279,AOADMAC,0
397,399,AOADMAC,0
440,442,AOADMAC,0
503,510,AOADMAC,0
528,532,AOADMAC,0
582,591,AOADMAC,0
589,598,AOADMAC,0
796,802,BBWILBE,0
844,845,BBWILBE,0
1007,1011,BBWILBE,0
1075,1082,BBWILBE,0
1076,1083,BBWILBE,0
1125,1131,BBWILBE,0
1184,1186,BBWILBE,0
1231,1237,CMAEJDB,0
1240,1244,CMAEJDB,0
1257,1262,CMAEJDB,0
1340,1341,CMAEJDB,0
1450,1457,CMAEJDB,0
1453,1457,CMAEJDB,0
1477,1479,DGPIMDB,0
1605,1612,DGPIMDB,0
1853,1860,DGPIMDB,0
1862,1865,DGPIMDB,0
1869,1871,DGPIMDB,0
1908,1913,FIRKBFD,0
2012,2018,FIRKBFD,0
2091,2094,FIRKBFD,0
2101,2104,FIRKBFD,0
2172,2177,FIRKBFD,0
2352,2354,FJPFHFC,0
2579,2583,FMLBJDC,0
2689,2691,FMLBJDC,0
2734,2742,GOBFICA,0
2817,2819,GOBFICA,0
2821,2824,GOBFICA,0
2945,2951,GOBFICA,0
2952,2957,GOBFICA,0
3025,3033,GOBFICA,0
3048,3052,GOBFICA,0
3124,3133,HEWAJGA,0
3149,3156,HEWAJGA,1
3313,3315,HEWAJGA,0
3340,3345,HEWAJGA,0
3473,3475,HJUGFBC,0
3557,3560,HJUGFBC,0
3614,3620,HJUGFBC,0
3631,3632,HJUGFBC,0
3664,3667,HJUGFBC,0
3671,3674,HJUGFBC,0
3803,3808,JOWJBFB,0
3908,3910,KAEKLAE,0
4023,4026,KAEKLAE,0
4096,4099,KAEKLAE,0
4211,4215,KCFBBBE,0
4354,4360,KCFBBBE,1
4374,4383,KCFBBBE,0
4531,4537,KMSAFGA,0
4670,4672,KMSAFGA,0
4778,4853,KMSAFGA,1
4806,4868,KMSAFGA,1
4820,4868,KMSAFGA,1
4964,4977,KMSAFGA,1
4981,4986,LDNEIAC,0
4991,4993,LDNEIAC,0
5042,5043,LDNEIAC,0
5072,5073,LDNEIAC,0
5225,5235,LDNEIAC,0
5285,5290,MLUBAGA,0
5396,5398,NFQDBFB,0
5403,5411,NFQDBFB,1
5474,5478,NFQDBFB,0
5477,5481,NFQDBFB,0
5523,5528,NFQDBFB,0
5767,5771,NLAABCB,0
5818,5819,NLAABCB,0
5873,5875,NLAABCB,0
5927,5934,NLAABCB,0
5966,5971,NLAABCB,0
6266,6274,OBIJCAC,0
6300,6311,OBIJCAC,0
6390,6397,OBIJCAC,0
6512,6522,OBIJCAC,0
6551,6557,OMUHKGA,0
6664,6669,OMUHKGA,0
6679,6682,OMUHKGA,0
6689,6692,OMUHKGA,0
6843,6846,PGNELAD,0
6868,6875,PGNELAD,0
6881,6885,PGNELAD,0
6974,6983,PGNELAD,1
7022,7027,PGNELAD,0
7079,7082,QAICBFB,0
7107,7111,QAICBFB,0
7117,7125,QAICBFB,0
7222,7226,QAICBFB,0
7230,7239,QAICBFB,0
7251,7259,QAICBFB,0
7258,7266,QAICBFB,0
7314,7318,QAICBFB,0
7439,7446,QAICBFB,0
7570,7575,QAICBFB,0
7863,7866,QKDKIBC,0
7978,7979,ACEECDB,0
8167,8170,ACEECDB,0
8217,8225,ACEECDB,0
8403,8408,BGIDLAE,0
8460,8461,BGIDLAE,0
8559,8562,BGIDLAE,0
8592,8593,BGIDLAE,0
8886,8887,BHNAKFA,0
8935,8939,BHNAKFA,0
8972,8974,BHNAKFA,0
8986,8990,BHNAKFA,0
8993,8999,BHNAKFA,0
9005,9006,BHNAKFA,0
9078,9080,BITBHEE,0
9121,9124,BITBHEE,0
9131,9136,BITBHEE,0
9209,9211,BITBHEE,0
9216,9220,BITBHEE,0
9266,9269,BITBHEE,0
9319,9324,BITBHEE,0
9323,9324,BITBHEE,0
9373,9377,BITBHEE,0
9492,9494,CFFIJCC,0
9518,9524,CFFIJCC,0
9523,9528,CFFIJCC,0
9524,9529,CFFIJCC,0
9660,9663,CISGDDD,0
9760,9762,CISGDDD,0
9814,9817,CISGDDD,0
10154,10157,CISGDDD,0
10181,10183,CISGDDD,0
10333,10336,CPCGFCD,0
10388,10392,CPCGFCD,0
10401,10405,CPCGFCD,0
10552,10558,DNABMDE,0
10585,10589,DNABMDE,0
10606,10608,DNABMDE,0
10789,10793,FIQKJGE,0
10835,10841,FIQKJGE,0
10900,10905,FIQKJGE,0
11012,11017,FIQKJGE,0
11118,11119,HBGFBEE,0
11161,11165,HBGFBEE,0
11206,11209,HBGFBEE,0
11227,11228,HBGFBEE,0
11252,11254,HBGFBEE,0
11476,11478,HFFBGFE,0
11585,11592,HFFBGFE,0
11659,11665,HFFBGFE,0
11902,11907,JEAAIAC,1
11919,11925,JEAAIAC,1
11921,11927,JEAAIAC,1
11972,11975,JEAAIAC,0
12143,12148,JEAAIAC,0
12169,12173,JEAAIAC,0
12263,12266,JFBDCBB,0
12275,12278,JFBDCBB,0
12321,12326,JFBDCBB,0
12348,12349,JFBDCBB,0
12415,12417,KEUECCB,0
12450,12454,KEUECCB,0
12492,12494,KEUECCB,0
12494,12495,KEUECCB,0
12680,12686,KEUECCB,0
12803,12805,KEUECCB,0
12855,12855,KEUECCB,0
13026,13029,LIDEADE,0
13037,13042,LIDEADE,0
13081,13086,LIDEADE,0
13155,13160,LIDEADE,0
13173,13182,LIDEADE,0
13316,13319,LIDEADE,0
13340,13341,LIDEADE,0
13384,13386,LIDEADE,0
13577,13580,MJNIJGC,0
13590,13591,MJNIJGC,0
13647,13649,MJNIJGC,0
13962,13964,NGSDMCC,0
13988,13995,NGSDMCC,0
14161,14162,NGVAADC,0
14163,14166,NGVAADC,0
14184,14189,NGVAADC,0
14192,14195,NGVAADC,0
14231,14234,NGVAADC,0
14462,14466,NKRKEDC,0
14469,14477,NKRKEDC,0
14553,14556,NKRKEDC,0
14571,14579,NKRKEDC,0
14572,14580,NKRKEDC,0
14574,14582,NKRKEDC,0
14647,14654,NKRKEDC,0
14709,14710,NKRKEDC,0
14724,14730,NKRKEDC,0
14792,14794,NKRKEDC,0
14825,14828,NKRKEDC,0
14921,14924,OFTJJGD,0
14969,14976,OFTJJGD,0
15009,15012,OFTJJGD,0
15023,15026,OFTJJGD,0
15076,15079,OFTJJGD,0
15116,15119,OFTJJGD,0
15162,15167,OFTJJGD,0
15174,15177,OFTJJGD,0
15177,15182,OFTJJGD,0
15239,15247,OFTJJGD,0
15248,15259,OFTJJGD,0
15263,15266,OFTJJGD,0
15286,15289,OFTJJGD,0
15289,15291,OFTJJGD,0
15295,15299,OFTJJGD,0
15416,15417,OGWJMCD,0
15482,15486,OGWJMCD,0
15513,15519,OGWJMCD,0
15592,15596,OGWJMCD,0
15714,15716,OJNAEEC,0
15762,15776,OJNAEEC,1
15764,15776,OJNAEEC,1
15924,15928,OJSJHCC,0
16023,16025,OJSJHCC,0
16054,16056,OJSJHCC,0
16143,16146,PLFBMFB,0
16289,16294,PLFBMFB,0
16317,16325,PLFBMFB,0
16343,16351,PLFBMFB,0
16344,16351,PLFBMFB,0
16366,16369,PLFBMFB,0
16457,16459,PMHIEAD,0
16470,16473,PMHIEAD,0
16471,16474,PMHIEAD,0
16500,16506,PMHIEAD,0
16515,16517,PMHIEAD,0
16566,16572,PMHIEAD,0
16628,16632,PMHIEAD,0
16638,16641,PMHIEAD,0
16664,16667,PMHIEAD,0
16731,16735,QKHEAFE,0
16740,16745,QKHEAFE,0
16741,16746,QKHEAFE,0
17084,17088,QLLBHEB,0
17215,17218,QLLBHEB,0
17227,17234,QLLBHEB,1
17241,17247,QLLBHEB,0
17250,17254,QLLBHEB,0
17387,17394,QLLBHEB,0
17388,17394,QLLBHEB,0
17392,17397,QLLBHEB,0
17454,17457,QLLBHEB,0
17561,17563,QLLBHEB,0
17592,17594,QOHIJCB,0
17654,17657,QOHIJCB,0
17738,17740,QOHIJCB,0
17741,17743,QOHIJCB,0
18016,18021,QQVAFEE,0
18026,18030,QQVAFEE,0
18144,18144,QQVAFEE,0
18164,18167,REKIHCC,0
18209,18210,REKIHCC,0
18257,18263,REKIHCC,0
18696,18704,SKPKLGC,1
18727,18730,SKPKLGC,0
18751,18758,SKPKLGC,0
18811,18815,SKPKLGC,0
18813,18817,SKPKLGC,0
18851,18855,SKPKLGC,0
18900,18901,SKPKLGC,0
18944,18948,SKPKLGC,0
18984,18989,SKPKLGC,0
19092,19101,SOBJDBD,0
19179,19180,SQFFGAB,0
19193,19197,SQFFGAB,0
19253,19256,SQFFGAB,0
19323,19334,SQFFGAB,1
19339,19341,SQFFGAB,0
19398,19402,SQFFGAB,0
19487,19499,SQFFGAB,0
19516,19525,SQFFGAB,1
19531,19538,SQFFGAB,0
19553,19559,SQFFGAB,0
19564,19579,SQFFGAB,0
19651,19657,SQFFGAB,0
19657,19660,SQFFGAB,0
19658,19660,SQFFGAB,0
19716,19718,SQUGJGC,0
19740,19741,SQUGJGC,0
19750,19754,SQUGJGC,0
19757,19759,SQUGJGC,0
19800,19805,AHMJFEA,0
19818,19822,AHMJFEA,0
19931,19935,AHMJFEA,0
19976,19980,AHMJFEA,0
20084,20091,AHMJFEA,0
20131,20136,AHMJFEA,0
20237,20242,AICFBDA,0
20351,20352,AICFBDA,0
20547,20555,AMQGCFA,0
20573,20578,AMQGCFA,0
20587,20592,AMQGCFA,0
20603,20606,AMQGCFA,0
20627,20634,AMQGCFA,0
20638,20644,AMQGCFA,0
20664,20669,AMQGCFA,0
20669,20675,AMQGCFA,0
20836,20838,BEIBAFD,0
20844,20848,BEIBAFD,0
20957,20965,BEIBAFD,0
20984,20989,BEIBAFD,0
21144,21145,BEIBAFD,0
21229,21233,CDSDLGA,0
21280,21284,CDSDLGA,0
21284,21286,CDSDLGA,0
21318,21320,CDSDLGA,0
21321,21325,CDSDLGA,0
21415,21420,CDSDLGA,0
21572,21576,EHCFBBD,0
21619,21625,EHCFBBD,0
21652,21657,EHCFBBD,0
21671,21677,EHCFBBD,0
21743,21744,EHCFBBD,0
21790,21796,EHCFBBD,0
21807,21810,EHCFBBD,0
21835,21838,GLIDGCD,0
21839,21844,GLIDGCD,0
21854,21859,GLIDGCD,0
21864,21865,GLIDGCD,0
21925,21929,GLIDGCD,0
21963,21964,GLIDGCD,0
21996,21997,HMBFKCA,0
22008,22011,HMBFKCA,0
22047,22051,HMBFKCA,0
22069,22071,HMBFKCA,0
22108,22113,HMBFKCA,0
22170,22175,HMBFKCA,0
22210,22215,HMBFKCA,0
22222,22223,HMBFKCA,0
22245,22248,HMBFKCA,0
22272,22276,HMBFKCA,0
22296,22301,HMBFKCA,0
22350,22354,IDFICDA,0
22398,22405,IDFICDA,0
22455,22458,IDFICDA,0
22497,22502,IDFICDA,0
22514,22517,IDFICDA,0
22541,22546,IDFICDA,0
22631,22633,IDFICDA,0
22678,22680,IDFICDA,0
22732,22733,KPDAJCB,0
22852,22855,KPDAJCB,0
22856,22859,KPDAJCB,0
22883,22888,LAFIKGA,0
23030,23032,LAFIKGA,0
23053,23056,LAFIKGA,0
23079,23082,LAFIKGA,0
23148,23151,LAFIKGA,0
23165,23168,LAFIKGA,0
23180,23188,LAFIKGA,0
23196,23204,LAFIKGA,0
23268,23272,LAFIKGA,0
23289,23292,NLLHMEA,0
23369,23373,NLLHMEA,0
23416,23421,NLLHMEA,0
23425,23430,NLLHMEA,0
23482,23484,NLLHMEA,0
23499,23503,NLLHMEA,0
23507,23510,NLLHMEA,0
23622,23624,OOGIKBE,0
23657,23661,OOGIKBE,0
23720,23721,OOGIKBE,0
23766,23773,OOGIKBE,0
23871,23873,PPRFEFA,0
23925,23929,PPRFEFA,0
23960,23961,PPRFEFA,0
23971,23974,PPRFEFA,0
24009,24014,PPRFEFA,0
24028,24029,PPRFEFA,0
24080,24083,QNTFDDD,0
24190,24194,QNTFDDD,0
24200,24202,QNTFDDD,0
24289,24296,QNTFDDD,0
24341,24346,QNTFDDD,0
24349,24357,QNTFDDD,0
24351,24358,QNTFDDD,0
24400,24408,QNTFDDD,0
24418,24420,QNTFDDD,0
24488,24491,QOGAFGE,0
24504,24509,QOGAFGE,0
24527,24532,QOGAFGE,0
24558,24565,QOGAFGE,0
24604,24608,QOGAFGE,0
24629,24636,QOGAFGE,0
24661,24665,QOGAFGE,0
24696,24699,QOGAFGE,0
24739,24742,RBFJKCA,0
24808,24814,RBFJKCA,0
24888,24890,RBFJKCA,0
24956,24958,RBFJKCA,0
24968,24971,RBFJKCA,0
24989,24994,RBFJKCA,0
25128,25131,RBFJKCA,0
25227,25230,SDCIIBE,0
25230,25236,SDCIIBE,0
25231,25238,SDCIIBE,0
25284,25290,SDCIIBE,0
25380,25382,SDCIIBE,0
25382,25389,SDCIIBE,0
25398,25403,SDCIIBE,0
25549,25551,SDCIIBE,0
25612,25617,SJQHBDB,0
25749,25754,SJQHBDB,0
25758,25762,SJQHBDB,0
25812,25816,SJQHBDB,0
25838,25844,SJQHBDB,0
25887,25889,SJQHBDB,0
25981,25982,AMIALGA,0
26076,26080,APODGAA,0
26159,26163,APODGAA,0
26204,26207,BAMCJFD,0
26217,26222,BAMCJFD,0
26336,26340,BAMCJFD,0
26471,26474,CADBBFC,0
26550,26553,CADBBFC,0
26563,26567,CADBBFC,0
26693,26695,CADBBFC,0
26740,26743,CLPGDCB,0
26790,26793,CLPGDCB,0
26796,26801,CLPGDCB,0
26803,26808,CLPGDCB,0
26809,26812,CLPGDCB,0
27018,27021,CLPGDCB,0
27075,27077,CLPGDCB,0
27089,27092,CLPGDCB,0
27092,27100,CLPGDCB,0
27107,27112,CLPGDCB,0
27213,27219,DFOJLEB,0
27276,27281,DFOJLEB,0
27325,27330,DFOJLEB,0
27620,27624,DKFJIGC,0
27691,27694,DKFJIGC,0
27696,27701,DKFJIGC,0
27697,27701,DKFJIGC,0
27707,27709,DKFJIGC,0
27729,27733,DKFJIGC,0
27787,27790,DKFJIGC,0
27828,27830,DORCAGB,0
27949,27953,DORCAGB,0
27985,27988,DORCAGB,0
28052,28056,DORCAGB,0
28087,28091,DORCAGB,0
28136,28138,DORCAGB,0
28154,28155,DORCAGB,0
28194,28198,DORCAGB,0
28285,28291,EBIBIBD,0
28291,28293,EBIBIBD,0
28311,28314,EBIBIBD,0
28326,28330,EBIBIBD,0
28335,28338,EBIBIBD,0
28369,28370,EBIBIBD,0
28472,28476,EBIBIBD,0
28583,28588,EBIBIBD,0
28597,28605,EBIBIBD,0
28700,28704,FEBFKDB,0
28819,28824,FEBFKDB,0
28869,28873,FEBFKDB,0
28920,28921,FEBFKDB,0
28977,28979,FEBFKDB,0
28997,29001,FEBFKDB,0
29017,29023,FEBFKDB,0
29131,29134,FIMFECC,0
29230,29235,FIMFECC,0
29285,29289,FIMFECC,0
29353,29357,FIMFECC,0
29369,29376,FIMFECC,0
29440,29442,FOEBBAB,0
29451,29455,FOEBBAB,0
29574,29579,FOEBBAB,0
29606,29610,FOEBBAB,0
29637,29638,FOEBBAB,0
29691,29697,FOEBBAB,0
29775,29777,FOEBBAB,0
29800,29801,FPFEIBA,0
29834,29837,FPFEIBA,0
29853,29859,FPFEIBA,0
29891,29897,FPFEIBA,0
29933,29935,FPFEIBA,0
30034,30035,GDVKIFE,0
30055,30061,GDVKIFE,0
30142,30145,GDVKIFE,0
30199,30200,GDVKIFE,0
30271,30275,GDVKIFE,0
30355,30360,GDVKIFE,0
30366,30370,GDVKIFE,0
30493,30498,GFMCEAC,0
30605,30608,GFMCEAC,0
30643,30644,HHEKGGC,0
30666,30669,HHEKGGC,0
30817,30821,HHEKGGC,0
30818,30821,HHEKGGC,0
30892,30895,HHEKGGC,0
30893,30895,HHEKGGC,0
30906,30909,HHEKGGC,0
31059,31063,HOJCMDB,0
31242,31244,HOJCMDB,0
31246,31249,HOJCMDB,0
31330,31333,HOJCMDB,0
31367,31375,HOJCMDB,0
31400,31406,HOJCMDB,0
31423,31425,HOJCMDB,0
31434,31437,IOUHEFC,0
31446,31450,IOUHEFC,0
31468,31472,IOUHEFC,0
31539,31541,KOIKDAA,0
31618,31620,KOIKDAA,0
31650,31652,KOIKDAA,0
31773,31776,KOWABAC,0
31792,31795,KOWABAC,0
31863,31868,KOWABAC,0
32014,32019,KOWABAC,0
32137,32141,LOWFCFA,0
32295,32299,LOWFCFA,0
32376,32379,LOWFCFA,0
32445,32449,LOWFCFA,0
32576,32578,MMTAEAC,0
32660,32664,MMTAEAC,0
32694,32698,MMTAEAC,0
32738,32741,MMTAEAC,0
32800,32802,MMTAEAC,0
32809,32812,MMTAEAC,0
32830,32834,MMTAEAC,0
32933,32935,NEHBKDD,0
33055,33057,NEHBKDD,0
33137,33142,NPSCBGE,0
33251,33254,NPSCBGE,0
33301,33304,NPSCBGE,0
33482,33486,PPCEBGE,0
33617,33624,PPCEBGE,0
33636,33639,PPCEBGE,0
33659,33662,PPCEBGE,0
33664,33668,PPCEBGE,0
33827,33828,PQDHIAD,0
33842,33844,PQDHIAD,0
33929,33933,QBJFIGA,0
33970,33974,QBJFIGA,0
34033,34034,QBJFIGA,0
34060,34065,QBJFIGA,0
34073,34077,QBJFIGA,0
34379,34381,RBKHAAA,0
34413,34417,RCBDBFE,0
34501,34505,RCBDBFE,0
34626,34630,RCBDBFE,0
34716,34718,RCBDBFE,0
34758,34760,RCBDBFE,0
34812,34814,RCBDBFE,0
34848,34858,RNAICAC,0
34872,34878,RNAICAC,0
34921,34929,RNAICAC,0
34970,34973,RNAICAC,0
35005,35008,RNAICAC,0
35194,35199,RNAICAC,0
35231,35233,RNAICAC,0
35265,35267,SBPDKFC,0
35356,35359,SBPDKFC,0
35384,35386,SBPDKFC,0
35411,35414,SBPDKFC,0
35501,35504,SBPDKFC,0
35605,35607,SBPDKFC,0
